Genes,L1,L2,L3,L4,L5,L6,L7,L8,L9,L10,L11,L12,L13,L14,L15,L16,L17,L18,L19,L20,L21,L22,L23,L24,L25,L26,L27,L28,L29,L30,L31,L32,L33,L34,L35,L36,L37,L38,L39,L40,L41,L42,L43,L44,L45,L46,L47,L48,L49,L50,L51,L52,L53,L54,L55,L56,L57,L58,L59,L60,L61,L62,L63,L64,L65,L66,L67,L68,L69,L70,L71,L72,L73,L74,L75,L76,L77,L78,L79,L80,L81,L82,L83,L84,L85,L86,L87,L88,L89,L90,L91,L92,L93,L94,L95,L96,L97,L98,L99,L100,M1,M2,M3,M4,M5,M6,M7,M8,M9,M10,M11,M12,M13,M14,M15,M16,M17,M18,M19,M20,M21,M22,M23,M24,M25,M26,M27,M28,M29,M30,M31,M32,M33,M34,M35,M36,M37,M38,M39,M40,M41,M42,M43,M44,M45,M46,M47,M48,M49,M50,M51,M52,M53,M54,M55,M56,M57,M58,M59,M60,M61,M62,M63,M64,M65,M66,M67,M68,M69,M70,M71,M72,M73,M74,M75,M76,M77,M78,M79,M80,M81,M82,M83,M84,M85,M86,M87,M88,M89,M90,M91,M92,M93,M94,M95,M96,M97,M98,M99,M100,M101,M102,M103,M104,M105,M106,M107,H1,H2,H3,H4,H5,H6,H7,H8,H9,H10,H11,H12,H13,H14,H15,H16,H17,H18,H19,H20,H21,H22,H23,H24,H25,H26,H27,H28,H29,H30,H31,H32,H33,H34,H35,H36,H37,H38,H39,H40,H41,H42,H43,H44,H45,H46,H47,H48,H49,H50,H51,H52,H53,H54,H55,H56,H57,H58,H59,H60,H61,H62,H63,H64,H65,H66,H67,H68,H69,H70,H71,H72,H73,H74,H75,H76,H77,H78,H79,H80,H81,H82,H83,H84,H85,H86,H87,H88,H89,H90,H91,H92,H93,H94,H95,H96,H97,H98,H99,H100
Gene1,-0.463484172,-2.038267008,-2.498994101,-0.698194201,-1.839808489,-0.401646989,-1.87470365,-1.738883794,-0.658798428,-1.922730735,-3.539683694,-0.163299479,-1.370573389,-2.482594609,-1.126060657,-0.474643225,-1.545727366,-2.035122745,-0.708860036,-0.177972709,-0.490056282,-0.531918144,-0.820080654,-2.304789586,-0.558983472,-0.095297072,-1.003064464,-0.526431096,0.01660172,-0.712805779,-1.280191224,-1.24603589,0.557476708,-0.6068256,-1.527231698,-1.01792265,-0.922793264,-0.724334745,-2.602446538,-1.705899852,-1.088884364,-1.173101306,-1.753063806,-0.794433327,-0.460709822,-0.543508763,-0.755962338,-0.73968615,-1.735431269,-0.125198403,-0.130808755,0.473691331,-1.220141955,-1.124889264,-0.44320059,-1.94862467,0.053223143,1.379485851,-0.499920639,-1.12643057,-1.756023113,-0.541227631,-1.088699407,-1.481732355,-1.302262722,-1.068230868,-0.814655258,-1.788020619,-1.781238874,-0.207997343,-0.793508544,0.25605897,-1.357256508,-0.582288014,-0.507380558,-0.577664097,-0.256455994,-0.660031472,-1.562250163,-0.777109051,-0.163176174,-0.931794489,-0.232658234,-0.375568097,0.37122533,-1.42125152,0.283679167,-1.619586734,-2.504481149,0.092372307,-1.022793176,-0.128157709,-1.261880513,0.014197283,-0.626246052,-1.991966186,0.085035692,-0.987774711,0.020177549,-0.510463169,1.342494515,-0.847207634,-0.093879071,0.487624734,-0.77569105,0.448968788,0.953592267,-0.527972402,-0.476061227,1.650262432,0.0188212,1.077451591,0.409881276,-0.936418406,-1.062558863,-1.152632766,0.737994429,0.074863074,0.193913525,-0.394310374,-0.147886422,0.944036171,-0.943939978,0.476773943,0.817340845,0.132137993,0.34576296,-0.371992267,-0.459908343,0.183679255,-1.672237736,1.053468874,0.831397553,0.55365427,1.420114669,0.149893835,-0.68321271,1.28201368,0.19379022,0.983493597,0.010929715,-0.480500187,-0.587343497,0.329733381,0.116724936,0.360744451,-1.681917136,-0.703496292,-0.521992136,-0.54924242,-0.398810986,-0.230993624,-0.044988855,-0.755592424,0.329240163,0.27517116,1.393665863,0.039782957,-0.478342359,-0.083953063,0.557908273,0.438241301,0.088241608,-1.324025958,-0.596036461,-0.613052475,-0.587590105,1.547919735,0.499523614,0.483987253,-0.482473058,-0.708181862,-1.24603589,0.557476708,-0.014779264,-0.18271993,-0.296591594,0.204086142,-0.279082361,-0.568662872,0.343666784,-0.258305561,0.019684331,-0.287775325,0.509449623,-0.164039306,-1.345542585,1.646193385,-0.203373426,0.894529433,0.848660176,-0.38672715,1.019128584,0.343111914,0.924923981,-0.110216911,0.239536173,0.028007382,1.376033326,0.153839577,-0.936418406,-1.062558863,1.321471105,0.6140118,-0.478219055,-0.217738395,1.032568769,1.246810258,1.03645286,2.138054853,0.486021777,0.775170721,0.165183587,1.201804133,1.902604998,0.975848721,0.890768647,0.497612395,0.172581854,0.311361017,0.257846884,0.487563082,-0.267676699,0.343851741,1.359140616,0.589720822,0.54841383,0.211915975,0.764936452,0.340029303,1.053468874,0.75907949,1.202852221,0.566847846,0.158216885,0.427205552,0.154702708,0.775787244,0.087810042,0.442063739,1.708647091,-0.074273663,0.911915361,1.131212333,0.683062294,1.418573363,0.54009078,1.128314678,0.853654007,0.655133835,1.183493421,1.284972987,1.550077563,0.760250883,1.096872042,0.78898082,0.587809603,1.093666126,0.416046499,0.293296915,0.967833931,1.176465067,0.688672647,1.209449009,1.246501997,0.453222792,0.555380532,0.37788377,0.348845571,1.07658846,0.36900585,0.494406479,1.647611387,1.307352745,0.707168315,1.406366222,0.607661621,1.02510885,0.935034946,0.351619922,0.811607188,0.6140118,0.12843886,0.911915361,1.131212333,1.529793981,1.050201306,0.447057569,1.224183891,1.219683279,1.019436845,0.516046411,1.268265234,0.724492591,1.719867797,2.576772101,0.036022171,0.243420263,1.312161619,1.388055511,2.211667612,0.958339488,0.82911642,1.12005328,0.527575378,1.190028557,1.543912341
Gene2,-1.42080494,-1.123371121,-1.576624821,-1.139754977,-2.247323481,-0.877068794,-1.518316111,-1.791099898,-1.383928888,-1.25681788,-2.904360678,-0.560875211,-1.385265336,-1.941722483,-0.890086782,-1.059172142,-1.117728342,-1.504209165,-1.321660334,-1.443524548,-0.864496287,-0.809454449,-1.319383423,-1.100305027,-0.839549267,-0.753868132,-0.838113823,-1.143021849,-0.671107382,-1.221575264,-1.699182008,-1.178462457,0.308706639,-1.223010708,-1.209943221,-1.123024634,-0.768717549,-0.955572711,-1.799762058,-1.328788054,-1.108917688,-1.17866045,-1.126885483,-1.184798208,-0.430744822,-0.925131406,-1.076694454,-1.446197443,-0.673087304,-0.776934226,-1.037392997,-0.908401063,-1.662850434,-0.569339379,-0.831035601,-1.396550893,-0.66249472,-0.239929815,-1.167127402,-1.754817823,-1.23696916,-0.689966141,-0.985568533,-1.45287968,-0.992745751,-1.263252627,-0.918746157,-1.142081386,-0.841133205,-1.026156939,-0.651654646,-0.557063861,-1.282952854,-0.600028174,-1.333886353,-0.863308334,-0.932853103,-0.119550543,-1.061102566,-1.221624762,-1.007298179,-1.10990765,-1.13534965,-1.011010533,-0.698380811,-1.048084577,-1.010169066,-0.574932659,-1.726801923,-0.703380115,-1.222367233,-0.331501219,-0.994329689,-0.906025156,-0.968442205,-1.118074829,-0.449653079,-0.896076047,-0.569339379,-1.224297657,-0.535581704,-0.584881768,-0.756194541,-0.245325103,-0.458463733,0.047257906,-0.070745459,-0.218249667,-0.328184849,0.541743487,-0.212953375,-0.129004672,0.23559801,-0.2174082,-0.636706233,-0.47153122,0.660637818,-0.336451025,-0.440446441,-0.466135932,-0.018327018,0.627424622,0.209413538,-0.476431527,0.264603871,-0.193451141,-0.372881594,-0.025850723,-0.324917978,-0.065201677,-0.26195645,-0.253393287,0.203869756,-0.026642691,0.246091598,-0.013228718,-0.065300673,0.982622673,0.109724453,0.297124094,-0.547708728,-0.137369843,-0.287843934,0.070769483,0.409979662,-0.1562781,-0.289130883,-0.477619481,-0.457374776,-0.139300267,-0.145537022,0.060226397,-0.235870975,-0.246562555,0.40517835,0.045079992,0.508678785,0.461853624,-0.188996316,0.057553502,0.082748013,0.392556346,-0.355062294,-0.135587913,-0.479054924,-0.233643562,-0.679076569,0.349641531,0.44081695,0.008005948,0.397605147,-0.539838537,-1.178462457,0.308706639,-0.054510097,-0.123807376,-0.550629114,-0.263045407,0.437698573,0.223965967,0.862886875,-0.066439129,-0.34625164,-0.036492805,0.340286399,-0.097622904,-0.058370945,0.467694395,-0.231366652,-0.123856874,0.338157982,-0.318978211,0.510807202,-0.385553096,-0.289774358,0.039635206,0.012262781,0.129870162,0.286877996,-0.165979719,-0.2174082,-0.636706233,0.430224366,0.02245938,1.639115391,1.032764204,0.564116608,0.33998941,0.348503076,1.893881886,0.590400076,0.766959642,1.196008793,0.699493792,1.033754165,0.18263509,0.819229589,0.894615129,0.581836912,0.418344833,0.318655748,1.620603118,0.026270731,0.499026664,0.798786892,0.517439941,0.71889703,0.700483753,0.809973453,1.390981636,1.728063398,0.828782714,0.856848112,0.497888209,1.968821943,1.038951461,1.774789563,0.253219318,1.336484276,1.027913394,0.73671633,1.602239339,0.931887165,2.002629115,0.187287907,0.672665845,1.20932377,0.60836787,0.654698051,1.136809118,0.709096415,0.79987585,0.873776447,0.888576366,0.828040243,0.969060205,1.240557043,0.98168221,0.546742791,1.671833606,1.201552575,0.709343905,1.559720509,1.559225528,1.4810186,0.312567487,1.907939334,2.401038969,0.926145391,0.946588088,1.358213923,0.65880639,1.125523561,1.180317909,0.743547062,1.23248886,1.549672404,1.092755848,1.350541724,1.206056898,0.466407445,0.803093223,1.425283789,0.931887165,2.002629115,1.085133147,0.543129432,0.767157634,1.381676001,0.622474816,1.545415571,2.664022141,0.897189028,0.885408491,1.44943884,2.384061136,2.703175103,2.664665616,0.884418529,1.533140053,1.448646871,1.620504122,1.571798035,0.824674376,1.703660856,1.993174986,1.322179338
Gene3,-1.913339671,-1.377812018,-1.904994109,-1.335793567,-1.650433709,-1.102449993,-1.914045514,-1.697060903,-1.462886926,-1.263880565,-1.767105495,-1.574991489,-1.215011279,-1.793055626,-1.448105731,-1.088000961,-1.393091455,-0.707053045,-1.064334442,-1.552529056,-1.329690096,-1.797664369,-1.45192559,-1.687926457,-1.165270069,-0.646807222,-1.194749417,-1.421491277,-1.572500277,-1.237930434,-0.572486048,0.359185916,-0.29633514,-0.918224827,-1.476837716,-0.961654965,-1.101495028,-1.345592336,-1.727868898,-0.921629484,-1.162488215,-1.508642196,-1.289872216,-1.326991282,-0.630863462,-0.153505622,-1.340319269,-0.107002988,-1.301622435,-0.864414636,-0.299116994,-0.653699577,-1.490373304,-1.780308922,-1.021361025,-0.960118718,-0.830451106,-0.912578078,-1.653713805,1.213879414,-1.060805224,-0.997569946,-0.636593251,-0.281927627,-0.972906942,0.854605047,-1.377853538,-1.07990452,-0.776806996,-0.189711244,-1.025928248,-0.035006946,0.401245888,-0.227619194,-1.033941649,-1.113992611,0.550178877,-1.28480675,-0.867943854,0.017723719,0.516796629,0.852030794,0.090633206,1.049210266,-0.556376207,0.483040699,-0.486414656,-0.40569937,0.234334649,-1.517070798,-0.605826776,-0.663622907,-0.900537218,-0.040030891,-0.790467144,-1.386033019,-1.258815099,0.705755099,-0.951150352,0.794815947,-0.103349209,0.321859249,-0.562479678,-0.75970067,-0.443939482,-1.015921878,-1.04212113,1.019191155,1.224716188,0.005309177,-0.470014173,-0.854657387,-0.687663108,0.034373323,-1.032696042,0.597262793,-0.225086462,-0.625922557,-0.285249244,1.460592495,-0.632233629,0.31816395,-0.114518146,-1.037180225,-0.655152784,-0.679732748,0.095740192,-0.937407163,1.005655567,0.086896387,-0.449337109,-0.425421469,-0.520502747,-0.881271841,-0.908135416,0.05156269,-0.859390691,0.315714258,-0.05364952,-0.677905858,-0.954804131,-0.7338751,-0.619403884,-0.544003185,-0.759866751,-0.024336252,0.527259721,0.854646568,-0.655567986,-0.6701831,0.30217867,-0.166833609,-0.713073475,-0.193697184,-0.573150372,-0.731591488,-0.157616122,-0.382821735,-0.508669488,-0.492684207,-0.330381711,-0.462125333,-0.564306567,-0.281221784,0.323146375,-0.379624679,-0.509333811,0.852529037,-0.440036582,-0.672009989,-0.133825043,0.718667884,0.359185916,-0.29633514,-0.382406533,1.15936338,1.006112289,0.575423164,-0.475577881,1.050331312,-0.058922586,-0.40976835,0.711360327,-0.268890282,0.62840295,-0.547324802,0.104916158,-0.420439044,-0.129548461,1.149979813,0.250818171,-0.402087112,0.080502275,-0.54894409,0.074564885,-0.403997041,0.459249619,-0.360732984,0.778415464,1.117967732,0.034373323,-1.032696042,-0.692645533,-0.205073721,1.522997368,1.027578237,0.817652062,-0.095875572,0.954876352,0.654934363,0.782733566,0.975677976,0.978916553,0.140374416,0.392028401,0.462156034,0.209547084,1.399433227,0.353123966,0.723110546,0.37986298,1.409231996,0.971318354,0.809763222,0.645343195,0.20086936,0.462944918,0.749268278,0.918255527,1.386645003,1.344128309,1.293058452,0.144526437,0.640111649,1.820323583,1.356708932,1.749697708,-0.0815511,1.362853923,1.27084514,0.32219141,1.633565684,0.855227851,1.968301607,0.686655803,0.548227427,1.337609636,0.425410649,0.408761046,1.480314594,0.720038051,0.626617581,0.449949093,0.502555197,0.129247,1.379669608,1.270512979,0.60448731,0.682752903,1.662795911,0.390990396,-0.05364952,1.171030559,1.37016148,1.596529658,1.715609617,1.917854554,2.381676806,0.853774643,0.77160615,1.498375885,1.262624139,0.497489732,1.041445987,0.423749841,0.580945351,1.626133567,1.059465758,0.374714474,1.358369741,0.114881008,0.364417463,1.367047464,0.855227851,1.968301607,1.114646115,0.86710263,0.680676893,1.158242334,1.12751738,1.325527255,2.389731727,0.566953041,1.040781664,1.066150511,1.74214103,2.39035453,2.618300476,0.281252484,1.253987936,0.700731154,1.442946406,1.473297678,0.383641319,1.427459368,1.907806663,1.021682368
Gene4,-2.007333534,-2.054201616,-1.388805148,-1.382330756,-2.262033669,-1.812205948,-1.502086647,-1.386891334,-1.074328866,-1.833705816,-2.490306884,-1.326422957,-1.003802786,-1.623349158,-1.193311088,-0.938610953,-1.225968084,-1.414458399,-0.725974005,-1.386728457,-1.073066564,-1.87312224,-1.37178442,-1.381923562,-1.109673346,-1.431112653,-1.878619365,-1.147786747,-1.233989814,-1.127956377,-0.885390637,-1.791316873,0.105476364,-0.869347175,-1.110202698,-0.564887877,-0.740144373,-0.994518752,-1.668547743,-0.80358527,-0.97481054,-1.722093814,-0.996351127,-1.576033161,-1.352157647,-1.318564104,-0.728824367,-1.500661467,-0.250452314,-0.906035396,-1.357288297,-1.798727812,-1.380539101,-0.530724262,-1.503878303,-1.260213138,-0.734280772,-0.816534053,-0.630486904,-1.544271993,-0.459058036,-1.02261517,-0.688715712,-1.348655775,-1.315754462,-1.118672343,-1.056249432,-0.402417287,-0.924481305,-0.733059189,-1.060484255,-1.063904688,-1.552741638,-0.726462639,-0.942764336,-1.027135028,-0.983565221,-0.74767747,-0.821705423,-1.051607416,-1.142900414,-1.101325859,-0.254402101,-0.267798798,-1.539467099,-0.879689914,-0.980266946,-1.38644342,-1.714601436,-0.34561366,-0.961169526,-0.875292214,-0.579424719,-0.457144223,-0.363448777,-0.392033828,-1.120830474,-0.197964948,-0.611796679,-1.375937803,-0.704392699,-0.237584969,-0.530479945,0.046270289,-0.660456417,0.463155978,-0.534429731,-0.554178662,-0.179885514,-0.241616195,-0.34781251,0.263386375,-0.438453997,-0.198046387,-0.24340785,-1.12921868,0.031122655,-0.072549054,-0.619981287,-0.212949704,-0.416099021,-0.218080355,-0.741243798,0.338513753,0.284926962,0.116511334,-0.3706154,0.10865248,0.622409731,-0.701542338,-0.861854797,-0.384174975,0.745056703,0.479077281,0.212487068,-0.507921372,0.832277756,0.413681851,-0.459058036,0.746889078,0.327356625,0.070824115,0.18516432,0.267417601,0.277353145,-0.170967956,-0.230051872,0.229507796,0.100142116,-0.260795054,0.246447086,0.398045584,0.243718883,-0.718033713,0.09032873,0.328741086,0.338717351,1.364806672,0.033402944,1.005986913,0.266847528,0.863346694,-0.126583759,-0.19413732,0.467960872,-0.032725436,0.27258897,1.144025835,0.574197907,0.943808319,0.533274864,0.167614238,-1.791316873,0.105476364,-0.128456854,0.434041574,-0.23461245,0.082347718,1.231043292,-0.457225661,1.078467527,0.134142854,0.284031135,-0.128212537,0.537916881,0.185082881,-0.345980135,-0.090180575,-0.200530273,0.714598557,0.655514641,0.376952911,0.432005602,-0.071368191,-0.122959729,-0.050682712,-0.01847363,0.759471387,-0.513662814,0.589915613,-0.198046387,-0.24340785,0.384893203,0.567479199,0.436891935,0.247994425,1.022030375,0.899301965,0.414251923,0.809882061,1.100048834,0.318724103,0.263671412,1.119512729,1.213778247,0.716756688,1.273513674,0.440515966,0.800720186,0.830323223,0.343074331,0.369582691,0.440556685,0.536206664,0.54972552,0.782925788,1.370751711,0.80776465,0.81513487,0.136300984,0.001193862,0.692162142,1.738529748,0.557625093,0.817415159,0.904351176,0.353783546,0.531971842,0.505504202,0.551883651,1.187921398,0.090573046,1.036648656,1.370914589,0.702179126,0.979356396,0.803122633,0.757394695,0.864608997,0.157434377,1.233486458,1.348885369,1.394206112,1.316798445,1.55830548,0.713336254,1.29216318,1.59723327,0.657632052,0.510186938,0.8819962,1.405118924,1.322580606,0.707391215,1.024188506,0.939695655,0.839851573,0.304268699,0.444669349,1.587989956,0.856057913,1.121019348,1.663524528,1.818543459,1.106604664,1.798590931,0.752182606,1.626917746,2.118034985,0.65926083,1.014578716,0.896858798,0.535107239,1.036648656,1.370914589,1.377144664,1.238657828,1.618040907,1.319038015,1.073255438,1.677654176,0.886923253,1.607576009,0.973289198,1.953324826,2.330509055,1.353242349,1.022233972,1.549306482,1.417579074,2.148248814,1.463062695,1.332149676,1.434233327,1.314314559,1.360123936,1.78832963
Gene5,-1.758222794,-2.158100525,-1.152380355,-1.582177096,-2.158100525,-1.732647996,-1.465689147,-1.536107426,-1.519150985,-1.984261967,-2.158100525,-1.235551,-0.729134967,-1.523985672,-1.175432707,-0.774503958,-0.899680331,-2.025952391,-1.247322413,-1.082872959,-1.708824897,-1.605054279,-1.780504399,-1.765439792,-1.145899071,-0.965053719,-1.459943576,-1.023280177,-1.341844064,-0.89498578,-1.57594105,-1.833966237,0.001288269,-1.080770921,-1.335993391,-0.914044259,-0.981870025,-1.015082228,-1.386477341,-1.393799441,-0.922452412,-0.925395265,-0.785889998,-1.545636666,-1.267186674,-1.215021093,-0.95685577,-1.814382248,-1.079649834,-0.800639299,-0.976054386,-1.47868675,-2.158100525,-0.675217687,-0.967891471,-1.411947037,-1.083048129,-1.205176548,-0.61664089,-1.773357469,-1.154587495,-0.657980974,-0.65149969,-1.24711221,-0.822465462,-1.857193759,-1.131955551,-0.739995497,-0.330027983,-0.772857361,-0.781510752,-0.803161745,-1.925299796,-0.814617853,-0.769739338,-0.545627033,-1.165693264,-0.812200509,-0.281085528,-0.685552708,-1.57832336,-1.216877894,-1.308596826,-0.840998432,-1.541362521,-0.75723221,-0.928688458,-1.362479072,-1.637670904,-0.478712151,-1.236496917,-1.267186674,-0.613207561,-0.726577487,-0.415510869,-1.097482125,-0.563914765,-0.692594536,-0.974127517,-1.564905349,-0.868009623,-0.445149608,-0.277582131,0.317294676,-0.487785949,-0.175668313,-0.297761697,-0.567067823,-0.037319166,-0.314087527,-0.4447292,0.17789451,-0.123432664,0.056501805,-0.289808986,-0.302596385,-0.74108155,-0.050246701,-0.368775554,-0.166384311,-0.271906627,-0.019556943,-0.765815533,0.048023584,0.151478897,0.144752375,-0.132961903,0.25952366,0.426355424,-0.452611843,-0.033815769,-0.075295989,0.55825832,0.313160667,0.404003751,-0.42381392,0.473686317,-0.191083259,-0.305399103,0.42649556,0.302335171,0.05513548,0.045641274,0.350787151,0.15767991,0.077557221,0.120053426,0.204205021,-0.079324896,0.033239249,0.140197959,0.507914505,0.133296267,-0.158116294,0.014215804,0.109718405,0.681963267,0.977474802,0.300338234,0.923697658,0.493550578,0.803846448,0.020346748,-0.110505129,0.334706559,0.170887716,0.180487024,0.868273918,0.501117915,0.64598338,0.334075947,-0.0465331,-1.833966237,0.001288269,0.346583075,0.589999096,0.024200485,0.053979359,0.96342618,-0.168451315,0.706802352,-0.096876915,0.260084203,-0.102517384,0.363364346,0.331623569,0.058183436,-0.044080722,-0.078133741,0.269403239,0.410800341,0.16871561,0.421976177,0.018454914,-0.065836817,0.014496075,-0.139828561,0.712092481,-0.170833625,0.097176244,0.056501805,-0.289808986,0.32650861,0.607270844,1.106890286,0.679230617,0.905830334,0.494881869,0.279528056,0.659016017,0.806579097,0.703298955,0.612000429,0.902572175,0.987494517,0.571956602,0.845817144,0.610073561,0.619602801,0.816423643,0.446149617,0.914693928,0.473511147,0.719064241,0.658105134,0.715630912,1.18802896,0.75091012,0.798346115,1.249793849,1.287875774,0.641358896,1.352723652,0.516672998,1.364109692,0.914869098,1.126929717,0.340767436,0.963916656,0.992819681,0.964967675,1.124687543,1.03261827,1.552627483,0.845887212,0.801814478,1.10930763,0.79901176,0.718819003,0.849075303,0.954142178,1.246850995,1.099112745,1.075464815,1.177343599,0.717803018,1.168830345,1.253542484,0.661398327,1.25553942,0.844205581,1.070139652,1.323435253,1.194475211,0.989876827,0.874580033,1.300943445,1.45940209,0.698779573,1.418657583,1.449067069,0.921385416,1.471979285,1.416170171,1.103912399,1.455583387,1.108606951,1.199730306,1.748642544,0.810537936,0.889434436,0.776274714,1.175732037,1.03261827,1.552627483,1.212027229,1.034720308,1.309246495,1.148265404,0.971869367,1.624306985,1.497133675,1.337588977,1.041271661,1.736310587,1.611204281,2.003059232,1.698473899,1.336748162,1.284267275,1.567026445,1.461644264,1.315412474,1.273581914,1.465182695,1.472119421,1.370100501
Gene6,-1.662947818,-1.445234827,-1.503458602,-1.320926489,-1.418415669,-1.098435372,-1.662947818,-1.662947818,-1.359575362,-1.662947818,-1.662947818,-1.218466517,-0.778917475,-1.325319282,-1.239852483,-1.305281981,-0.729941685,-1.402501428,-1.013816305,-0.820841676,-1.411132881,-1.279464688,-1.354874303,-1.519835243,-1.270602035,-1.372753741,-1.465773062,-0.861455745,-1.250872999,-0.933012032,-0.970813173,-1.662947818,0.052322285,-1.101055635,-1.433559246,-0.97065904,-0.962990919,-1.04059693,-0.982334622,-1.193612556,-1.312795969,-0.687478018,-0.658308331,-1.519295777,-1.246788473,-1.438838304,-1.125755463,-0.951238271,-1.662947818,-0.697689336,-0.992199139,-0.859875881,-1.51756178,-0.925343911,-1.022023893,-1.662947818,-1.109687088,-0.969079176,-0.536350523,-1.170261393,-1.001870991,-0.819300345,-1.102635499,-1.435177643,-0.882571978,-1.045953055,-0.724354361,-1.662947818,-0.279564793,-0.701349997,-1.25911912,-0.543633311,-1.099552837,-0.774409082,-1.067184888,-0.505793637,-0.767781359,-0.949388673,-0.793945451,-0.782770802,-1.362658024,-1.411325547,-1.393330509,-1.386856919,-1.184557237,-0.966921313,-1.190298695,-1.662947818,-1.090536052,-0.655919268,-0.930661503,-1.334721401,-0.731637149,-0.732793147,-0.508837766,-0.742272332,-0.321643127,-0.753716714,-1.662947818,-1.078475137,-1.312911569,-1.344277653,-0.362719596,-0.1692055,-0.312587808,0.05555908,-0.350735748,-0.324725789,0.103648604,-0.263920284,-0.443832135,0.146728803,0.095132751,-0.178029619,0.039991638,-0.066013395,-1.662947818,-0.45566185,-0.201804649,-0.036805175,-0.753446981,-0.169398166,-0.736685008,0.237551727,0.414766249,-0.231128469,-0.680272296,0.054904014,0.660801195,-0.278717061,-0.223075015,-0.086898429,0.787614196,-0.299409429,0.58808891,-0.038654772,0.652169742,-1.450282686,-0.262263354,0.403668666,0.310880545,-0.10762933,-0.36876932,0.413533184,0.218593357,0.132124693,-1.139473308,-0.284689718,0.14445534,0.118830714,0.557300825,-0.358211203,0.369913519,0.104226604,-0.752290983,-0.093757352,-0.027480123,0.883484979,0.296392035,0.431952088,-0.39574261,0.569515872,0.088582095,0.257473429,0.011823816,0.117173783,0.285679785,1.048484452,-0.092447221,0.84217731,-0.773098951,0.189346603,-1.662947818,0.052322285,-0.004668425,0.651977076,0.167613837,0.07898731,0.858245685,-0.153907791,0.077985445,0.245258382,-0.329388315,-0.277830796,-0.505292705,0.365790459,-0.020081734,-0.088054427,0.195088061,0.455765651,0.455572985,0.34425036,0.637604165,0.319242266,0.322517594,-0.006055623,-0.764660164,0.461044709,0.029549121,0.404169599,-0.178029619,0.039991638,0.582771318,0.789810592,1.35139451,0.914542796,0.146112271,0.708813653,0.329646249,0.3607426,0.406211862,0.159560383,0.711048583,1.131600722,1.507145998,0.780408474,0.927374376,0.55406403,0.846608637,0.704613526,0.398697874,0.743069733,0.527707271,0.715441376,0.882521647,0.74869559,0.535914858,0.751123187,0.196513792,1.159807077,1.544870072,0.278050197,0.894621094,0.802642172,1.210670998,0.92706611,1.313554836,0.508209435,1.264733179,0.829114531,1.009334647,1.269434238,0.550557502,1.438787972,1.250129069,0.865451407,1.317562296,0.743955998,0.732819882,0.960705657,1.151753623,1.439443038,1.131022723,1.150559092,1.398058303,0.988603747,0.557878824,0.794704318,0.986792683,1.534466088,1.020123964,1.374206207,1.292823935,1.63550033,0.920361321,0.509057167,1.290511939,1.813832316,0.890690701,1.530959561,1.419367203,1.06929242,1.206586471,1.296214863,0.961784589,1.679813593,1.208089268,0.740950403,1.730253647,0.91446573,1.099810772,0.959819392,1.510806659,0.550557502,1.438787972,1.281379553,1.415090009,1.545293938,1.503369737,1.033995942,1.822964702,1.175913985,1.643476717,1.124934466,1.859725444,1.21363806,1.854369319,1.831865888,1.585985074,1.226777906,1.668099478,1.774875177,1.222654845,1.448613957,1.944383044,1.473390851,1.802965933
Gene7,-1.205964338,-2.04770341,-1.474974449,-1.394984371,-2.076152055,-1.775737144,-1.144163308,-1.652865428,-0.875848763,-1.98183332,-2.500760258,-1.17431609,-0.576511978,-1.666220293,-1.706702228,-1.194417944,-1.005050128,-2.048711981,-1.481964887,-1.090639512,-0.64930295,-1.580735244,-1.300213517,-1.546617737,-1.299239725,-1.64956149,-0.605517076,-0.910209718,-1.105002948,-0.862946015,-1.256045083,-1.139120455,-0.043360717,-1.19796533,-1.046088516,-1.249611098,-1.038611183,-1.073111251,-1.362536222,-1.470835832,-0.887012595,-1.507700825,-0.608925349,-1.841016003,-1.311307793,-0.966585334,-0.991799598,-1.696233962,-1.637041304,-0.475481032,-1.890957635,-1.452472892,-2.145882537,-0.394795387,-1.321741282,-1.043862705,-1.376760544,-1.060764957,-0.314631418,-1.751183668,0.006407023,-1.02174371,-0.733014305,-1.644796863,-0.864302369,-1.574196925,-0.736318243,-0.837418747,-1.086222669,-0.891151212,-1.071441893,-1.10312492,-1.789752797,-0.930555021,-0.539855655,-0.810256898,-1.138877007,-0.783894951,-0.595535706,-0.672917412,-0.877066003,-1.35196362,-1.606888522,-1.175255104,0.710702273,-0.523022961,-0.572095135,-1.57857899,-1.351685394,-0.46939483,-1.190174992,-1.286615204,-0.459065676,-0.95524761,-0.404950649,-1.038750296,-0.852929866,-1.242898887,-1.117349243,-1.336069939,-0.733814206,-0.316544224,-0.164841301,0.155536352,-0.483340926,-0.226190214,-0.171553512,-0.545211513,0.179394262,0.007867711,-0.374589198,0.3470952,-0.49937372,0.122949089,-0.089894076,-0.635043849,-0.8648936,0.03645547,-0.465151878,0.086292766,-0.383144659,-0.456909422,-1.012284014,0.289224117,0.29141515,-0.278601104,-0.231754741,0.293606182,0.756087948,-0.70741748,-0.416705713,-0.648433492,0.887584681,0.325289209,0.568876387,-0.431416932,0.80561224,-0.231476514,-0.354139561,0.778763397,0.594994886,0.232709388,0.186210808,0.675819644,0.343547814,-0.457396318,-0.171866517,0.327271572,0.17636855,0.207460346,0.350538251,0.154284333,-0.248204874,-0.568408636,-0.231059175,0.242516867,0.278373289,1.09423731,0.212190194,0.858266579,0.198417989,0.869882529,0.030786608,-0.476767828,0.480678631,0.028526018,0.350851256,1.079943431,0.396202152,0.996718971,0.01850987,0.263731627,-1.139120455,-0.043360717,0.019205435,0.781684773,0.266270443,0.496537533,1.216239568,-0.191759702,0.50964895,-0.228555138,0.274825903,-0.206923038,0.175638206,0.347860322,-0.229042034,-0.028127824,0.064104214,0.61551408,0.77236419,0.542027543,0.42562459,0.014232139,0.141172916,0.176925003,-0.167206225,0.925527801,-0.435172988,0.49945891,0.122949089,-0.089894076,0.707780897,0.914850865,0.605219705,0.326610784,0.765930206,0.797126336,0.568667717,0.506136343,0.795769983,0.492155468,0.32629778,1.100601738,1.142509583,0.976582338,1.034662091,0.240986622,0.683714316,0.920276279,0.45682072,0.220293537,0.574406136,0.607862855,0.664725367,0.849189444,1.108948528,0.906330182,0.640067556,0.68079294,0.337183386,0.63978933,1.415901759,0.795769983,0.834060885,0.852562938,0.631407761,0.523803716,0.364588682,0.568354712,1.019603089,0.185410907,0.910920917,1.334137988,1.049095083,0.563694421,1.151621496,0.624139097,0.916902784,0.441900832,1.197494067,1.390687496,1.203302043,1.148561006,1.586524074,0.705937647,1.034975095,1.394408773,0.905460725,0.774903006,0.968548552,1.437985977,1.042382872,1.00304862,0.460576776,0.953385215,0.816150064,0.532846073,0.46050722,1.629266599,0.900139646,1.175340294,1.666027257,1.667035827,1.080395548,1.711934606,0.969244118,1.167063059,2.016627248,0.911999044,1.123207629,0.916868006,0.790483682,0.910920917,1.334137988,1.363003973,1.360847719,1.612086121,1.430925983,1.217769813,1.720316175,0.685314118,1.662549427,1.103140553,2.003028934,1.703135697,1.081404119,0.979851498,1.701605452,1.319148543,1.913335712,1.557866759,1.223647345,1.499021884,1.449045475,1.263851054,1.687833247
Gene8,-2.037341647,-0.978744879,-1.793004207,-1.12017486,-0.925420598,-1.71650135,-1.797911017,-1.09227924,-1.005745887,-1.247318163,-2.002099367,-1.185183312,-1.156935269,-0.686342391,-0.574868348,-1.760039121,-1.237396106,-1.220208717,-1.148612669,-1.142811248,-0.712665663,-1.681665712,-1.58678265,-0.820967901,-1.173716016,-1.945359296,-1.323712583,-0.103218201,-1.448470255,-0.627352236,-1.335044331,-2.076731672,-0.851655794,-1.597761975,-0.74270293,-1.042885829,-1.155200265,-0.647413226,-0.729337973,-0.763143452,-1.453051751,-0.744221059,-1.03890074,-0.360703722,-1.114536095,-1.681774149,-1.988951285,-1.600662686,-1.557477338,-1.085718754,-1.508056818,-1.55837195,-0.68249285,-1.166830217,-0.688646694,-1.566613222,-1.446952126,-1.733742958,-0.211195126,-1.350930467,-0.041544211,-0.735681583,-0.524607434,-0.789249849,-0.185414042,-1.200798353,-0.708328152,-1.402709509,-1.715498301,-1.268788845,-0.757477578,-1.403414355,-1.275701753,-0.838697479,-0.788870317,-1.06533245,-0.660127556,-0.40681689,-0.497741973,-0.681679566,-1.520201849,-0.889175268,-1.003577131,-1.126979331,-0.763875407,-0.462391255,-0.404729463,-1.161977626,-1.256589594,-1.06042564,-0.728334923,-1.741658916,-0.344817587,-0.490910393,-1.24699285,-0.465373294,-0.415952774,-1.515593244,-1.159890199,-0.714698872,-0.481503415,-0.140873222,0.622176363,-0.906796408,0.637194996,-0.145698704,0.259153767,-0.186661077,-0.311716953,0.285639696,0.299058872,-0.815247808,0.182840676,0.628411535,0.321044633,-0.316162902,-0.601408496,0.033277861,0.184413024,0.090207698,0.16993658,-0.533255348,-0.726572809,0.179045354,-0.343922975,-0.924417548,0.8754057,-0.747745287,-1.115539145,0.134965394,0.446181837,0.041410695,-0.328633247,-0.266498396,-0.301171378,0.720502324,-0.245325919,-0.448050358,-0.352597998,-0.750754435,0.299411295,0.198537045,0.210221217,-0.534258397,-0.500751122,0.068791235,-0.199294079,-0.084350027,0.179018244,0.000583869,0.042766167,-0.524905638,0.195229693,0.421186928,0.153969116,-0.138894233,-0.944180335,-0.847291174,-0.066240917,-0.26926356,-0.052496427,-0.840513812,0.502569486,0.880204072,0.665117726,-0.155458104,0.599702632,-0.798602608,-0.939924152,0.202549243,-0.150063324,-0.022459161,-2.076731672,-0.851655794,-0.281788124,0.190837963,0.15030934,0.784263742,-0.656793095,0.641803602,-1.491167632,0.263084637,0.347584781,0.116612299,-0.210219186,-0.190022648,0.236408942,0.821783216,1.09623925,0.513304826,-0.252374375,0.843226788,-0.435905326,0.161776636,0.202657681,0.597588095,0.326168319,-0.104356798,0.329800984,0.818448754,0.628411535,0.321044633,-0.209866763,0.966168127,0.798333545,0.376917202,1.255968107,0.688594506,1.243470653,0.291386899,1.401464506,1.460319114,1.100820746,0.999322979,0.118374413,1.212349008,1.276462849,1.008811286,0.510241459,1.089326341,0.638360702,0.513792796,1.246208707,0.94933316,1.033806195,1.289285617,0.489096091,0.880637824,1.312599741,0.968770633,0.728960472,1.251711924,1.462813183,0.712938789,0.895060049,0.871718816,1.267164309,0.578909686,1.372050756,0.820481962,1.220346295,0.772850665,1.105483571,1.309671921,1.055276877,1.833697517,0.6957514,0.972565956,1.135547947,1.13248458,1.270444552,0.379329943,0.839539903,0.939980401,0.863721529,1.013175906,0.977716751,1.464710844,1.068045426,0.956002084,1.36454144,0.841302017,1.24309112,0.699356956,1.27247776,1.56916354,1.538014787,1.616984604,0.513847015,1.386689857,1.290180229,0.961234207,0.640963209,1.440800312,0.837940446,0.752437252,1.041830591,1.373135134,0.632477952,0.992681165,1.149509312,0.641288522,1.359092441,1.105483571,1.309671921,1.789644667,1.444948058,1.368580747,1.640461384,1.130776684,1.886615157,1.129882073,1.410925702,1.028574072,1.684649782,1.444161884,1.421606824,1.061159626,0.972565956,1.208309701,1.127930193,1.592477664,0.913494472,1.019600845,1.205788522,1.729380368,0.981376526
Gene9,-1.179846849,-1.281535031,-1.014663732,-1.044137792,-1.111805099,-1.140797732,-1.281535031,-0.855124015,-1.162060779,-0.971816687,-0.82522202,-1.097228545,-0.90208994,-0.679509969,-1.043041208,-1.137775437,-1.013032228,-1.281535031,-0.915543164,-1.102256787,-1.281535031,-1.281535031,-0.715804252,-1.037772251,-0.885026011,-1.008699381,-0.841430078,-1.195947924,-1.281535031,-0.716793853,-1.177600188,-1.281535031,-0.238709621,-1.141653603,-1.009929695,-0.499081649,-0.844719832,-1.167490211,-1.100063618,-1.140262812,-1.281535031,-1.100732267,-0.516172324,-1.181826051,-1.067219565,-1.125980464,-1.149784378,-1.173026627,-1.281535031,-0.937528352,-1.281535031,-1.150319297,-1.100705521,-1.281535031,-0.743325856,-1.020922289,-0.823911467,-1.027528544,-1.281535031,-1.107365268,-0.188507433,-0.961011314,-0.404828847,-0.49980379,-0.643777352,-0.503628464,-0.630056669,-1.281535031,-0.955956326,-0.853813463,-0.196130035,-1.0958645,-0.726154943,-0.838595005,-0.73971515,-0.478353521,-0.718933531,-0.892648612,-0.453586752,-0.223544655,-1.281535031,-1.042372558,-0.706951336,-1.089900149,-0.897489633,-0.928194008,-0.234751217,-1.281535031,-1.281535031,-1.281535031,-0.342965416,-1.281535031,-0.836348343,-0.71601822,-0.702324283,-0.318599836,-0.514005901,-1.091665383,-1.025683072,-1.06679163,-0.740009356,-1.060345851,-1.02643196,-0.707940937,0.033377142,-0.746535373,-0.340183835,0.523978489,-0.488864688,-1.01872912,0.202277949,-0.937635336,0.04886306,0.303698671,-0.086284332,0.633931176,-0.444493122,-0.314079767,0.097647711,-0.347458739,-0.263369406,-0.369122976,0.242289922,-1.170967187,-0.37572923,-0.703902295,-0.279764686,-0.518953905,-1.014957938,-0.051594808,0.812059343,-0.027122244,-0.457464918,-0.52005049,-0.406915033,0.61724169,-0.18634101,-1.281535031,-0.02549074,-0.659263269,-0.767370484,-0.639497997,-0.064486366,-1.014556748,-0.642627275,-0.74356657,0.137820159,-0.047716642,-0.264278769,0.195377489,-0.234055822,-0.148308239,-0.288590857,0.688091767,-0.919635297,-0.674722441,-0.569075855,-0.650838288,0.453690077,-0.814978313,-1.007950494,-0.468029576,-0.201372245,0.267538119,-1.281535031,0.369253046,-1.014316035,-0.864030423,-0.705614037,-0.409402408,0.325041956,0.094518432,-1.281535031,-0.238709621,0.100857227,-0.43727171,0.1903225,-0.197547572,-0.034530878,1.087328876,-0.68833614,0.210622692,-0.079758315,0.234560336,-0.401646076,-0.0323912,1.106960419,0.004598477,0.435208611,-0.298968294,-0.241544694,0.002378562,-0.631928887,0.490412295,0.196260106,-0.084224892,0.289603545,-0.162002176,0.853595836,-0.326810849,0.303698671,-0.086284332,0.101739844,-0.409161694,1.938037977,1.460194459,0.31207016,0.117199015,0.796787393,0.401669163,1.201400443,1.435427689,1.824474584,0.413892072,0.683117016,0.456551896,0.125222807,1.429409846,0.743883863,0.841506657,0.939744608,1.212339545,0.427372041,0.915913948,1.209771932,0.781488698,0.405520583,1.357195724,1.200731794,1.551933139,1.8502577,0.294203852,0.052233052,0.415389846,1.574560231,0.905857463,2.188834947,0.393752356,1.83923836,1.565386363,0.599214905,1.473086017,1.284714143,1.976257969,0.904306197,0.748270202,1.702914146,0.697372619,0.783655121,1.675285557,0.822757731,1.116615715,0.820725037,0.982243956,0.400198135,1.434732294,1.458322241,0.682876303,1.071869705,1.941942889,0.627485397,0.139478409,1.703208351,1.777294691,1.82230816,0.464388465,2.066926811,2.398897804,1.420342962,0.979489121,2.034029267,0.621681521,0.468213139,1.08040167,0.717111146,0.976038891,1.501463492,1.194633712,0.737919511,1.679939356,0.290111718,0.990561953,1.821505781,1.284714143,1.976257969,1.136193766,0.718689158,1.327855394,1.436764988,0.79229407,1.499698258,2.587430154,0.958092344,1.203700596,1.397368173,0.259193376,2.567664881,2.494006477,0.207760873,1.356687551,0.844609189,1.76886971,1.623826309,0.733426188,1.912843272,2.168374279,1.106104548
Gene10,-1.673563369,-1.072410284,-1.464334072,-1.45965146,-1.947223963,-1.94903893,-1.82304398,-1.839777968,-1.421537171,-2.070387566,-2.155727274,-1.210638105,-0.961733649,-1.68532435,-1.349555614,-0.972514548,-0.924635741,-1.695306663,-1.083408979,-1.227952882,-1.422880246,-1.926787445,-1.559365699,-1.68583254,-1.16646183,-1.547677318,-1.442953771,-1.095351456,-1.345163396,-1.025656757,-1.439432737,-2.293519503,0.16713899,-1.174157286,-1.421464572,-0.914617128,-0.636963608,-0.974910303,-1.351297981,-1.140072222,-0.830257502,-1.03084756,-0.919009346,-1.798977529,-1.21844246,-1.254015796,-1.121341771,-1.558349318,-1.293908752,-0.792070614,-1.193541124,-2.028026256,-1.941125677,-0.658452807,-1.042898935,-1.134155432,-0.882964119,-1.218297263,-0.700886716,-1.699335888,-0.70491594,-0.928664966,-0.675549788,-1.407924925,-0.888626813,-1.608151989,-1.014258769,-0.861583818,-0.663934005,-0.759836816,-0.978685433,-1.02921409,-1.538783983,-0.845938809,-0.845866211,-0.615547008,-1.07266438,-0.731632242,-0.495577746,-0.773267565,-1.154228958,-1.014149871,-1.380954528,-1.087002612,-0.858970266,-0.851093313,-1.03139205,-1.227843984,-1.465423052,-0.764011238,-1.151288713,-0.864524063,-0.631736506,-0.827825447,-0.557032499,-1.034985682,-0.645094656,-0.794248574,-0.893853915,-1.325888455,-0.900206297,-0.260866325,-0.356769136,0.114178278,-0.522584442,-0.215201777,-0.486176221,-0.497900903,-0.075304187,-0.281302843,-0.357277326,0.085247718,-0.071129765,-0.036718007,-0.355752754,-0.371579259,-0.228196934,-0.122602204,-0.417897195,-0.345443747,-0.215056579,0.079839119,-0.009457215,0.016896093,0.152510363,0.007349371,-0.274696367,0.09316097,0.457823967,-0.247217779,-0.199665666,-0.243587847,0.533834749,0.28670896,0.251026725,-0.312629159,0.439819503,0.34511457,0.028366679,0.508171128,0.320249534,0.038385292,-0.012905651,0.341303141,0.2148363,0.126883041,0.023538869,0.050799661,-0.015047311,-0.046083232,0.165360323,0.495938256,0.081036997,-0.125723946,0.258576984,0.233240057,0.520004707,0.962384554,0.159770228,0.71761822,0.347982216,0.74066829,0.005389208,-0.031273108,0.345876856,0.169026555,0.01333876,0.837841577,0.423267012,0.619573749,0.270011271,-0.050511749,-2.293519503,0.16713899,0.179008869,0.44965662,-0.070621574,0.000343602,0.911492903,-0.314589322,1.012259823,0.00208597,0.008075358,0.054865185,0.372738355,0.388165567,-0.007388154,-0.083979725,-0.051963722,0.192730013,0.333607685,0.134034008,0.423412209,-0.056610035,-0.073670717,0.211278967,0.039837265,0.556667023,-0.194511163,0.205906667,-0.036718007,-0.355752754,0.369979606,0.582475842,1.168020217,0.742555855,0.733009133,0.548027784,0.266562835,1.146131726,0.735477487,0.605997803,0.577357637,0.929969259,1.055020426,0.578628113,0.916720006,0.61365696,0.765134034,0.772756892,0.402576398,1.163845795,0.474557955,0.73692946,0.701791716,0.702408804,1.103951913,0.723861704,0.795698064,1.192122968,1.301420229,0.678777945,1.241272251,0.553763077,1.517183403,0.980969807,1.135024133,0.401995609,0.989137155,0.99258559,0.928226891,1.29386997,0.963582432,1.434057954,0.80019918,0.862488818,1.097926225,0.739906005,0.70153762,0.833630856,0.950550975,1.178692218,1.144897549,1.083769489,1.218439977,0.791015451,1.052915065,1.206678996,0.650174079,1.341930273,0.876173662,1.072879692,1.24613636,1.245265176,0.98833857,0.664839005,1.345052015,1.550905474,0.778419586,1.378592589,1.41979232,0.89290765,1.493189551,1.301456528,0.850437442,1.417069871,1.146567318,1.249657394,1.766704948,0.798965003,0.821289086,0.790979152,1.282762377,0.963582432,1.434057954,1.171759048,1.004854762,1.309478678,1.16841951,1.018684804,1.641072992,1.557766046,1.346467688,0.930477449,1.667244804,1.944390133,2.070421382,1.79770457,1.352348179,1.358990955,1.591488117,1.528726588,1.245882265,1.220690535,1.514061662,1.53184833,1.483461332
Gene11,-1.607804867,-1.658196982,-1.528159452,-1.240007103,-1.14780776,-1.22798238,-1.483559196,-1.292898245,-0.790447103,-1.470035057,-1.052697787,-1.382157558,-1.245416759,-0.994984996,-0.598727741,-1.295015066,-1.475885717,-1.084626513,-1.660313804,-1.274140853,-1.680276608,-0.752697117,-1.286724181,-1.30318835,-0.845631468,-1.519956768,-1.594339529,-0.686164236,-1.290428619,-0.550746451,-1.345789386,-1.581285796,-0.065141682,-1.305863777,-0.499119522,-1.324826971,-1.053667997,-1.311214632,-1.09991467,-0.419091903,-1.08427371,-0.513760872,-1.267760987,-0.237104041,-1.320534527,-1.222719726,-1.604894237,-0.769102485,-1.222807927,-1.455599509,-1.503404399,-1.473857096,-0.261682693,-1.338262909,-0.980990453,-0.031360736,-1.31391946,-1.545917234,-0.898346207,-1.403972581,-0.588114233,-1.330942234,-0.849629909,-0.468131605,-0.912546553,-1.690860717,-1.118877864,-1.330942234,-1.226747568,-1.677895184,-0.971111952,-1.454952703,-1.363370766,-1.410764051,-0.492739657,-1.291634032,-0.949208728,-0.899140015,-0.629715659,-0.632920291,-1.265849968,-0.414358455,-1.230481406,-1.443280783,-0.846395876,-1.011801968,-0.587467426,-0.619307952,-1.155981044,-0.906578292,-0.693602512,-1.140869289,-0.359321092,-1.027795732,-1.09794485,-0.247364746,-0.961939058,-1.406853811,-0.225196919,-0.680960383,-0.832724736,0.373275605,0.40996718,-0.789800297,0.279371044,-0.907342699,-0.229753966,0.043639432,-0.637594939,-0.501383345,-0.111829359,-1.319240914,-0.346678962,0.237416814,-0.482096748,0.028645278,0.033261125,-0.001313628,0.034260736,-0.29272941,0.328381345,-0.497473105,0.538916899,-0.585674008,-0.565123198,-0.427176986,1.206744733,-0.372110223,-0.825845065,0.109760708,0.162622449,0.17344176,-0.805411856,-0.619307952,-0.724590429,0.411789999,-0.229900967,-0.119532238,0.366689937,-0.864036056,-0.408654797,0.185348882,0.209721731,-0.623776798,-0.58005855,0.632586258,0.133927755,-0.064230272,0.25067635,-0.256273037,-0.586673618,-0.263623113,-0.247482347,0.15394936,0.627676408,-0.029949521,-0.766280056,-0.664378613,0.161093633,-0.252303997,0.323530296,-0.386222367,-0.468102205,0.677921522,0.767092634,0.060250602,0.409731978,-0.967907319,-0.390220808,-0.357410072,0.207310906,0.089474501,-1.581285796,-0.065141682,0.010505293,-0.258654462,-0.131997966,0.314269201,-0.279322873,0.591014233,-0.31904268,0.033996133,-0.039063615,0.357575844,0.533242641,-0.267092348,0.452480015,0.165797682,0.386976145,-0.311869006,-0.344620941,0.436221649,-0.145757306,-0.000637422,-0.104391083,0.499785099,0.620208731,-0.178950246,0.464445937,0.338171645,0.237416814,-0.482096748,-0.193444594,0.084476449,1.447886001,1.090642945,1.282097704,0.220188238,0.663133171,0.964603855,1.096552405,1.131332961,1.181901479,0.507017573,0.097706585,1.277217254,0.918562984,1.324345936,0.828451062,0.953931546,0.789907268,1.521739556,0.928059281,1.165790114,0.839064571,1.075883994,1.010615326,0.914094138,1.30420673,1.348777586,1.252932606,1.403344545,0.953755144,0.511898023,1.786900869,1.074707982,1.615056111,0.449863388,1.36383054,1.23873226,0.770120865,1.484724577,1.069210126,1.692231901,0.64840362,1.062859661,1.194484808,0.854146925,0.688711432,1.201805483,1.167083727,0.545473167,0.855352337,0.918856987,0.450245592,1.209067357,1.302442712,1.238879262,0.887281064,1.461586541,0.877167361,0.456302054,1.298032667,1.282362307,1.622847191,1.408401396,1.786753868,2.011195765,0.955871966,0.746865227,1.441300333,0.585486976,0.894013733,1.42045552,1.147532527,0.748011839,1.555461701,1.346043358,0.91815138,1.320141693,0.754332904,0.573668055,1.289829983,1.069210126,1.692231901,1.521239751,0.934321545,1.196160625,1.372503629,0.724932603,1.295151438,2.184157734,1.089114129,0.98065642,1.400257513,2.120300281,2.041919079,2.173720628,0.657958718,1.575159903,0.730371659,1.345661155,1.335312249,0.773619501,1.342956327,1.816418772,0.990064516
Gene12,-1.122041022,-0.59767605,-1.122041022,-1.122041022,-0.802898525,-0.965649905,-1.122041022,-0.976587178,-1.122041022,-1.122041022,-0.984849574,-1.122041022,-1.122041022,-1.122041022,-1.122041022,-1.122041022,-1.122041022,-0.921157791,-1.122041022,-0.922822158,-1.122041022,-1.122041022,-1.122041022,-1.122041022,-1.122041022,-0.898213294,0.572879663,-1.026934299,-0.886443837,-1.122041022,-1.122041022,-0.617024324,-0.232614838,-0.966600972,-0.723633016,-1.122041022,-1.122041022,-0.897618877,-1.00948816,-0.760041058,-1.122041022,-1.009904252,-1.122041022,-1.122041022,-1.122041022,-1.122041022,-1.122041022,-0.830449754,-1.122041022,-1.122041022,-1.122041022,-1.122041022,-1.009904252,-1.122041022,-0.854375039,-1.122041022,-1.122041022,-0.775882272,-1.122041022,-0.928498841,-0.694060769,-0.175491363,-1.122041022,-0.72586208,-0.793536457,-0.393047991,-1.122041022,-1.122041022,-1.122041022,-0.925942848,-0.506403316,-1.122041022,0.314278539,-1.122041022,-0.877676186,-0.698697222,-1.122041022,-1.012876337,-0.797400168,-0.710199191,-0.352746517,-1.122041022,-1.005565007,-0.832441051,-0.996202939,-0.585193292,-0.563348467,-0.578684426,-1.122041022,-1.014719029,-0.589829745,-1.122041022,-0.806970282,-1.122041022,-1.122041022,-0.56694469,-0.687908553,-1.003692594,-1.122041022,-0.012918308,-0.966125438,-0.035298109,-0.016306485,-0.439680006,-0.19145146,-0.882045151,-0.337351117,0.342275581,-0.830955008,-0.572472768,-0.037527173,-1.122041022,-0.71887768,0.117229298,-0.455640103,0.349735514,-1.122041022,-0.719888188,0.014097945,0.597339923,-0.0699229,-0.670611018,0.267052107,-0.825813301,-0.755434326,-0.539571786,0.434261614,-0.44190907,-0.999175024,-0.054378895,0.482825485,-0.455461778,-0.830568637,-1.122041022,-0.682261591,0.41631022,-0.498319245,-0.378781983,0.366081982,-0.915748596,-0.478257671,-0.262692339,-0.170973793,-0.948530694,-0.722206415,-0.10971912,0.220479534,-0.366596434,-0.524027781,-0.207679044,-0.717896891,-0.63681841,-0.616281302,0.396783621,-0.099911239,-0.805722006,-0.487114484,-0.864004594,-0.351498242,-0.923862388,-0.517459473,-0.97001887,-0.565607251,0.344950457,1.117038722,0.041441128,-0.309086587,-0.440541911,-1.122041022,-0.730349928,-0.234516972,-0.182000229,-0.617024324,-0.232614838,-0.32561138,-0.862132181,0.066139155,-0.480367851,-0.750827594,0.93045122,-1.122041022,-0.244592341,-0.527297075,0.225383474,-0.229137498,-0.412812357,0.708525626,-0.221380356,0.311068687,-0.708683428,-0.349269178,0.014989571,-0.773801812,0.118804503,-0.007063301,0.155925846,0.590147477,-0.459801022,0.572196083,-0.139202204,0.117229298,-0.455640103,-0.486490346,-0.297465735,1.774523386,1.407173668,1.12987813,0.118953107,0.858051227,0.840605088,1.124528376,1.308589606,1.597773485,0.467905618,0.278762122,0.955297851,0.535282787,1.49455297,0.822980623,0.940051055,0.723623819,1.627761824,0.717114952,1.053465822,1.219545937,0.860755825,0.799441709,1.261155128,1.197195857,1.535954115,1.599943107,1.091954324,0.571155854,0.424245688,1.833757041,1.033255643,2.061359318,0.340254563,1.663486287,1.52109369,0.57243385,1.639293514,1.196631161,1.926902188,0.913926427,0.831361903,1.566328825,0.699995742,0.81659064,1.488400754,1.128659575,0.768591466,0.977172398,1.04327157,0.208710077,1.305855288,1.509621441,0.944717229,1.184415891,1.749082337,0.761904275,0.070062307,1.704501061,1.638253284,1.872423868,1.203377794,2.119225814,2.32551824,1.297830658,0.944657787,1.789532415,0.548241078,0.854514446,1.312037225,0.603670464,0.981987176,1.6220257,1.385626052,0.738008711,1.517140817,0.50782072,0.863787352,1.584963799,1.196631161,1.926902188,1.517021933,0.778012976,1.025706547,1.536162161,0.78339245,1.566834079,2.515583082,1.090230514,1.279968427,1.467477275,1.556223736,2.345460931,2.496442854,0.464190511,1.595574142,0.714826447,1.666309767,1.631595814,0.816352873,1.641403694,2.083025818,0.832253529
Gene13,-1.894739297,-1.229316239,-1.660082214,-1.760351442,-2.026674418,-1.860401022,-1.970334753,-1.6480748,-1.342398256,-1.603120213,-2.143234193,-0.907422365,-0.855072968,-1.59543254,-1.538067852,-1.097124862,-0.994476116,-1.540154506,-0.848666574,-1.34971985,-0.220583644,-1.771150792,-1.442338012,-1.819180448,-1.09156045,-1.24732736,-1.457237456,-1.098662396,-1.338115123,-1.278187878,-1.479275453,-2.204186461,0.001626729,-1.145044693,-1.434760162,-0.827433952,-0.899917731,-0.93634266,-1.431245797,-1.384936716,-0.952852854,-1.100639227,-0.812790764,-1.522875545,-1.177955258,-1.481911227,-1.287669342,-1.638190648,-1.578226794,-0.662551658,-1.178980281,-1.310402891,-2.127529374,-0.701941833,-0.738256938,-1.429305575,-0.883004849,-1.279542373,-0.665443687,-1.75767906,-0.84313877,-0.785481219,-0.666249063,-1.224337555,-1.019662398,-1.538690187,-1.074574352,-1.040785197,-0.42328197,-0.756963611,-1.046093352,-0.797049337,-1.176747195,-0.778232841,-0.935720325,-0.458096149,-1.031633204,-0.746676771,-0.62195342,-0.64322265,-1.292501594,-1.303813456,-1.020650814,-1.074757392,-1.648843567,-0.774169356,-1.110120691,-1.58767165,-1.736885733,-0.558804673,-1.07750299,-0.893218472,-0.628286599,-0.707506244,-0.231163347,-1.083982601,-0.644430713,-0.794779643,-1.259993717,-1.439812062,-0.94176064,-0.700514122,-0.08022869,0.062652214,-0.372872797,0.029522002,-0.271908017,-0.422806067,-0.025133696,-0.196934896,-0.267954357,0.118735623,-0.044426096,-0.043327857,-0.305477525,-0.350029424,-0.651971955,-0.166330634,-0.289845922,-0.183426555,-0.227575766,0.028057683,-0.261328314,0.06957112,0.119394567,-0.00902619,-0.255544255,0.210182331,0.411416338,-0.10204704,-0.331579007,-0.177129985,0.505132739,0.065141556,0.226729133,-0.118154546,0.412990481,0.167131359,0.000967786,0.456920044,0.326339417,-0.02019162,-0.103328319,0.288559993,0.226509485,0.096514586,-0.345709683,0.08688669,0.017953884,-0.004230546,0.377993262,0.184373712,0.161493731,-0.114274101,0.183641553,0.067484466,0.510404287,0.803634121,0.233172135,0.51809196,0.205899198,0.695457572,0.033475663,0.002541929,0.167607262,0.16837603,0.025824597,0.833689264,0.210658234,0.662254144,-0.183939067,0.044897349,-2.204186461,0.001626729,0.190597067,0.436566013,0.14871755,0.097466393,0.9482356,-0.131919143,0.28969484,0.087472417,0.128070655,0.004884839,0.017331548,0.32557065,-0.133676325,-0.006573456,0.028753235,0.281824126,0.354490946,0.190523851,0.490233296,0.012572512,0.045702724,0.134220794,-0.15864296,0.56117954,0.002908008,0.131438589,-0.043327857,-0.305477525,0.404790295,0.663279167,1.264748102,0.744951546,0.594602616,0.56678056,0.367193911,0.99564292,0.550050718,0.50385146,0.702010398,0.982537267,1.168652183,0.763328747,0.929895007,0.765525225,0.784085465,0.694176293,0.41119669,1.118279617,0.357602623,0.753810675,0.791699923,0.756409841,0.870846353,0.719252752,0.697544226,1.201819003,1.396610008,0.6758357,1.196437632,0.615432551,1.423150786,0.896874619,1.269507138,0.40651087,1.117657282,0.869784722,1.005051168,1.272508992,0.737373697,1.521955695,0.946002514,0.885819012,1.182782859,0.725549322,0.746159609,0.887210115,1.073947366,1.291618352,1.068822251,1.129298616,1.235644767,0.918143849,1.005893151,0.988504366,0.740705022,1.333461261,0.871505296,1.138999728,1.307652643,1.333900557,0.994910761,0.736751361,1.361576181,1.769425567,0.819082684,1.406823631,1.28967813,0.9859052,1.429959868,1.408068302,0.907710578,1.51393855,1.212142451,1.060292594,1.531327335,0.941499733,0.883768966,0.870992785,1.264711495,0.737373697,1.521955695,1.251166546,1.153423268,1.128603065,1.23864662,1.063514095,1.668826868,1.501565056,1.423736513,1.034557191,1.726374595,1.67292696,1.967035386,1.882580801,1.454450599,1.364102131,1.606812968,1.549192024,1.310178592,1.22242929,1.580967741,1.461882017,1.508667002
Gene14,-1.684105671,-1.812667941,-1.199885465,-1.537161416,-1.561869187,-1.268427202,-2.102909823,-1.071174354,-1.568381024,-1.870083739,-2.062945748,-0.878200713,-0.847055526,-2.033065718,-1.093202969,-0.576795682,-0.87645182,-1.070020828,-0.953998497,-1.692068718,-1.140274248,-1.608010204,-1.841133971,-1.625127033,-1.169670541,-1.630485344,-1.365658232,-1.027786914,-1.46493584,-1.37741675,-1.540770834,-1.144813929,-0.167442997,-0.890926703,-1.544603516,-0.692148225,-0.367077317,-0.633132375,-1.424190345,-0.872693559,-0.864693302,-1.09409602,-0.910462215,-2.330452016,-1.37443991,-1.05591805,-1.257896631,-1.178749903,-0.851409155,-0.909643584,-1.115454846,-1.74754957,-1.449753957,-0.323764298,-0.691143541,-1.44100949,-0.781974366,-1.100607858,-0.897512961,-1.241598433,-0.705878898,-0.373812417,-0.516775149,-0.654900517,-1.474908254,-1.154488658,-1.336596834,-0.884861392,0.38040716,-0.628034537,-0.597484719,-1.218751188,-1.26158047,-0.593465985,-1.080402557,-0.330090083,-0.725712094,-0.94078877,-0.511305206,-0.810589239,-1.255217475,-0.984697157,-1.507839544,-1.096365861,-1.496936868,-1.182396531,-0.791165359,-0.498802479,-1.472601203,-0.9976092,-1.079993242,-0.971152536,-0.998948778,-0.581930731,-0.399152766,-1.459056582,-0.817659233,-0.333252975,-0.674956975,-1.095807703,-0.969292011,-0.664017089,-0.147907486,0.229704644,-0.304042734,-0.405032025,-0.300321684,-0.365551687,-0.425088483,-0.317847829,-0.382445253,-0.250459618,-0.182029512,0.296497488,-0.611252603,-0.203127864,0.214522761,-0.114827354,-0.299800737,-0.811779975,0.150185811,0.265389512,0.16280017,-0.28878643,-0.142698016,0.150595126,-0.118139088,0.261482409,-0.021354583,0.15238123,-0.002674914,0.071746082,-0.297493687,0.152046336,-0.093170844,0.007557973,-0.449759043,0.024005013,0.170874847,0.14188787,-0.262366977,-0.531436085,0.043466104,-0.295335478,0.158186068,0.02452596,0.393468044,-0.156354269,-0.180429461,-0.042192462,0.037289161,0.358118072,-0.264934501,0.213480867,0.024712013,0.138352873,0.816588613,0.252216995,0.281464447,0.413710555,0.056117673,0.92103848,0.059875933,-0.117804193,-0.633020744,0.591316261,-0.355653694,0.10601695,0.327642674,-0.229621739,0.830244866,-0.062434973,-1.144813929,-0.167442997,0.491257232,-0.273381284,-0.435246949,-0.961068491,0.130278195,0.228104593,0.60545625,0.252030943,-0.007251805,0.311046792,0.125701303,0.250840207,0.233909431,-0.044908828,-0.015289272,-0.372658892,-0.121785717,-0.310703413,0.34453624,-0.107348044,-0.23494284,-0.59383809,0.790615686,0.403031142,0.308032742,-0.330573819,0.296497488,-0.611252603,0.142334396,-0.342406757,1.80259238,1.103332708,0.81033725,0.245258632,0.279976027,1.196545005,1.081713409,1.203912684,1.150403988,0.485564026,0.73632557,0.562366493,0.531779464,0.821314347,0.904851914,0.671132778,0.489843233,1.69267257,0.047745311,0.669681569,0.815769982,0.174223792,1.165920765,0.875902147,1.283989675,1.661490173,1.756079258,0.680435402,0.756084344,0.356666862,1.899600148,1.105788601,1.630233355,0.489657181,1.259095852,1.474953948,0.856255004,1.591050701,1.161195032,1.830053728,0.513620741,0.999403788,1.33824258,0.922712953,0.808513935,1.337349528,0.623354499,0.872999728,0.430864595,0.918396535,0.445786004,1.161939242,1.594920593,0.940053045,0.81186288,1.613339789,0.827602921,0.474363666,1.404328424,1.515364549,1.303487975,0.52772352,1.822462786,2.053093451,1.124282219,0.746000299,1.408979736,0.761182182,0.920480323,0.962416554,0.874413727,1.344754417,1.587664546,1.245588441,1.421705726,1.196358953,0.149441601,1.013246094,1.561319514,1.161195032,1.830053728,1.011832095,0.600804937,0.691152026,1.176562968,0.925168846,1.460367433,2.328265081,0.577287903,1.120523958,1.143333993,1.442618026,2.485925959,2.595324823,0.641513222,1.496163932,0.951551088,1.628930988,1.577543291,0.713329482,1.62762862,2.064851968,0.841333594